shot_group,shot,time,time_from_group_lead,Year,Month,Day,Hour,Minute,Second,Source Location
P1,1,2025-06-14 14:00:18.885000,0.0,2025,6,14,14,0,18.8850000000075,1
P1,2,2025-06-14 14:00:49.285000,30.4,2025,6,14,14,0,49.2850000000298,1
P1,3,2025-06-14 14:01:01.982000,43.097,2025,6,14,14,1,1.98199999996275,1
P1,4,2025-06-14 14:01:16.579000,57.694,2025,6,14,14,1,16.5790000000298,1
P1,5,2025-06-14 14:01:25.298000,66.413,2025,6,14,14,1,25.2979999999553,1
P1,6,2025-06-14 14:01:35.507000,76.622,2025,6,14,14,1,35.5069999999851,1
P2,7,2025-06-14 14:07:27.445000,0.0,2025,6,14,14,7,27.4449999999478,2
P2,8,2025-06-14 14:07:33.955000,6.51,2025,6,14,14,7,33.9549999999553,2
P2,9,2025-06-14 14:07:37.732000,10.287,2025,6,14,14,7,37.7319999999627,2
P2,10,2025-06-14 14:07:57.521000,30.076,2025,6,14,14,7,57.5209999999479,2
P2,11,2025-06-14 14:08:02.051000,34.606,2025,6,14,14,8,2.05099999997765,2
P2,12,2025-06-14 14:08:06.710000,39.265,2025,6,14,14,8,6.70999999996275,2
P3,13,2025-06-14 14:09:28.793000,0.0,2025,6,14,14,9,28.7929999999478,3
P3,14,2025-06-14 14:09:33.489000,4.696,2025,6,14,14,9,33.4889999999404,3
P3,15,2025-06-14 14:09:40.390000,11.597,2025,6,14,14,9,40.3900000000149,3
P3,16,2025-06-14 14:09:44.471000,15.678,2025,6,14,14,9,44.4710000000224,3
P3,17,2025-06-14 14:09:48.226000,19.433,2025,6,14,14,9,48.2260000000224,3
P3,18,2025-06-14 14:09:56.408000,27.615,2025,6,14,14,9,56.4080000000522,3
P4,19,2025-06-14 14:10:46.475000,0.0,2025,6,14,14,10,46.4749999999777,4
P4,20,2025-06-14 14:11:06.513000,20.038,2025,6,14,14,11,6.51300000003725,4
P4,21,2025-06-14 14:11:10.098000,23.623,2025,6,14,14,11,10.098,4
P4,22,2025-06-14 14:11:17.438000,30.963,2025,6,14,14,11,17.4379999999628,4
P4,23,2025-06-14 14:11:24.087000,37.612,2025,6,14,14,11,24.0870000000596,4
P4,24,2025-06-14 14:11:28.043000,41.568,2025,6,14,14,11,28.0429999999478,4
P5,25,2025-06-14 14:11:59.200000,0.0,2025,6,14,14,11,59.1999999999553,5
P5,26,2025-06-14 14:12:09.756000,10.556,2025,6,14,14,12,9.75600000005215,5
P5,27,2025-06-14 14:12:16.325000,17.125,2025,6,14,14,12,16.3249999999553,5
P5,28,2025-06-14 14:12:23.419000,24.219,2025,6,14,14,12,23.4189999999926,5
P5,29,2025-06-14 14:12:38.734000,39.534,2025,6,14,14,12,38.7340000000522,5
P5,30,2025-06-14 14:12:45.087000,45.887,2025,6,14,14,12,45.0870000000596,5
P6,31,2025-06-14 14:13:22.291000,0.0,2025,6,14,14,13,22.2909999999702,6
P6,32,2025-06-14 14:13:26.498000,4.207,2025,6,14,14,13,26.4980000000224,6
P6,33,2025-06-14 14:13:30.306000,8.015,2025,6,14,14,13,30.3059999999851,6
P6,34,2025-06-14 14:13:37.720000,15.429,2025,6,14,14,13,37.7199999999702,6
P6,35,2025-06-14 14:13:41.698000,19.407,2025,6,14,14,13,41.6979999999777,6
P6,36,2025-06-14 14:13:45.678000,23.387,2025,6,14,14,13,45.6779999999553,6
P7,37,2025-06-14 14:14:20.566000,0.0,2025,6,14,14,14,20.5659999999926,7
P7,38,2025-06-14 14:14:24.227000,3.661,2025,6,14,14,14,24.2269999999553,7
P7,39,2025-06-14 14:14:28.007000,7.441,2025,6,14,14,14,28.0069999999851,7
P7,40,2025-06-14 14:14:31.722000,11.156,2025,6,14,14,14,31.7219999999478,7
P7,41,2025-06-14 14:14:35.048000,14.482,2025,6,14,14,14,35.0479999999553,7
P7,42,2025-06-14 14:14:42.377000,21.811,2025,6,14,14,14,42.3769999999777,7
P8,43,2025-06-14 14:15:11.564000,0.0,2025,6,14,14,15,11.5640000000149,8
P8,44,2025-06-14 14:15:24.356000,12.792,2025,6,14,14,15,24.3560000000298,8
P8,45,2025-06-14 14:15:28.653000,17.089,2025,6,14,14,15,28.6530000000522,8
P8,46,2025-06-14 14:15:32.756000,21.192,2025,6,14,14,15,32.7560000000522,8
P8,47,2025-06-14 14:15:36.510000,24.946,2025,6,14,14,15,36.5100000000075,8
P8,48,2025-06-14 14:15:40.676000,29.112,2025,6,14,14,15,40.6759999999777,8
P9,49,2025-06-14 14:16:11.181000,0.0,2025,6,14,14,16,11.1809999999851,9
P9,50,2025-06-14 14:16:23.448000,12.267,2025,6,14,14,16,23.4479999999776,9
P9,51,2025-06-14 14:16:31.424000,20.243,2025,6,14,14,16,31.424,9
P9,52,2025-06-14 14:16:35.450000,24.269,2025,6,14,14,16,35.4499999999553,9
P9,53,2025-06-14 14:16:39.343000,28.162,2025,6,14,14,16,39.3429999999926,9
P9,54,2025-06-14 14:16:43.344000,32.163,2025,6,14,14,16,43.3440000000447,9
P10,55,2025-06-14 14:17:30.629000,0.0,2025,6,14,14,17,30.6289999999553,10
P10,56,2025-06-14 14:17:45.413000,14.784,2025,6,14,14,17,45.4129999999404,10
P10,57,2025-06-14 14:17:50.228000,19.599,2025,6,14,14,17,50.228,10
P10,58,2025-06-14 14:17:54.179000,23.55,2025,6,14,14,17,54.179,10
P10,59,2025-06-14 14:17:58.508000,27.879,2025,6,14,14,17,58.5080000000298,10
P10,60,2025-06-14 14:18:02.323000,31.694,2025,6,14,14,18,2.32299999997765,10
P11,61,2025-06-14 14:18:37.874000,0.0,2025,6,14,14,18,37.8739999999553,11
P11,62,2025-06-14 14:18:41.744000,3.87,2025,6,14,14,18,41.7439999999478,11
P11,63,2025-06-14 14:18:45.404000,7.53,2025,6,14,14,18,45.4039999999777,11
P11,64,2025-06-14 14:18:49.016000,11.142,2025,6,14,14,18,49.0159999999478,11
P11,65,2025-06-14 14:18:52.490000,14.616,2025,6,14,14,18,52.4899999999926,11
P11,66,2025-06-14 14:18:59.846000,21.972,2025,6,14,14,18,59.8460000000224,11
P12,67,2025-06-14 14:19:24.254000,0.0,2025,6,14,14,19,24.2539999999553,12
P12,68,2025-06-14 14:19:32.076000,7.822,2025,6,14,14,19,32.076,12
P12,69,2025-06-14 14:19:36.279000,12.025,2025,6,14,14,19,36.2789999999777,12
P12,70,2025-06-14 14:19:40.334000,16.08,2025,6,14,14,19,40.3340000000298,12
P12,71,2025-06-14 14:19:44.100000,19.846,2025,6,14,14,19,44.0999999999777,12
P12,72,2025-06-14 14:19:48.107000,23.853,2025,6,14,14,19,48.1069999999627,12
P13,73,2025-06-14 14:20:16.444000,0.0,2025,6,14,14,20,16.4440000000149,13
P13,74,2025-06-14 14:20:23.457000,7.013,2025,6,14,14,20,23.4570000000522,13
P13,75,2025-06-14 14:20:31.123000,14.679,2025,6,14,14,20,31.1230000000224,13
P13,76,2025-06-14 14:20:35.381000,18.937,2025,6,14,14,20,35.3810000000522,13
P13,77,2025-06-14 14:20:39.036000,22.592,2025,6,14,14,20,39.0359999999628,13
P13,78,2025-06-14 14:20:42.950000,26.506,2025,6,14,14,20,42.9499999999553,13
P14,79,2025-06-14 14:25:26.451000,0.0,2025,6,14,14,25,26.451,14
P14,80,2025-06-14 14:26:05.989000,39.538,2025,6,14,14,26,5.9889999999404,14
P14,81,2025-06-14 14:26:10.254000,43.803,2025,6,14,14,26,10.2539999999553,14
P14,82,2025-06-14 14:26:18.521000,52.07,2025,6,14,14,26,18.5209999999478,14
P14,83,2025-06-14 14:26:23.297000,56.846,2025,6,14,14,26,23.2970000000224,14
P14,84,2025-06-14 14:26:28.017000,61.566,2025,6,14,14,26,28.0169999999926,14
P15,85,2025-06-14 14:28:41.212000,0.0,2025,6,14,14,28,41.2120000000596,15
P15,86,2025-06-14 14:28:48.201000,6.989,2025,6,14,14,28,48.201,15
P15,87,2025-06-14 14:29:12.308000,31.096,2025,6,14,14,29,12.3079999999627,15
P15,88,2025-06-14 14:29:21.827000,40.615,2025,6,14,14,29,21.8270000000447,15
P15,89,2025-06-14 14:29:26.299000,45.087,2025,6,14,14,29,26.299,15
P15,90,2025-06-14 14:29:31.937000,50.725,2025,6,14,14,29,31.9370000000373,15
P16,91,2025-06-14 14:31:57.634000,0.0,2025,6,14,14,31,57.6339999999628,16
P16,92,2025-06-14 14:32:08.590000,10.956,2025,6,14,14,32,8.5899999999702,16
P16,93,2025-06-14 14:32:12.512000,14.878,2025,6,14,14,32,12.5119999999851,16
P16,94,2025-06-14 14:32:16.176000,18.542,2025,6,14,14,32,16.1759999999777,16
P16,95,2025-06-14 14:32:23.591000,25.957,2025,6,14,14,32,23.5910000000149,16
P16,96,2025-06-14 14:32:27.169000,29.535,2025,6,14,14,32,27.1689999999926,16
S1_N,97,2025-06-14 14:44:08.716000,0.0,2025,6,14,14,44,8.7160000000149,17
S1_N,98,2025-06-14 14:44:13.262000,4.546,2025,6,14,14,44,13.2619999999851,17
S1_N,99,2025-06-14 14:44:17.191000,8.475,2025,6,14,14,44,17.1909999999926,17
S1_N,100,2025-06-14 14:44:21.431000,12.715,2025,6,14,14,44,21.4309999999851,17
S1_N,101,2025-06-14 14:44:25.331000,16.615,2025,6,14,14,44,25.3310000000075,17
S1_N,102,2025-06-14 14:44:29.142000,20.426,2025,6,14,14,44,29.1419999999926,17
S1_S,103,2025-06-14 14:44:47.198000,0.0,2025,6,14,14,44,47.1979999999777,18
S1_S,104,2025-06-14 14:44:51.149000,3.951,2025,6,14,14,44,51.1489999999777,18
S1_S,105,2025-06-14 14:44:55.132000,7.934,2025,6,14,14,44,55.1319999999851,18
S1_S,106,2025-06-14 14:44:59.007000,11.809,2025,6,14,14,44,59.0069999999851,18
S1_S,107,2025-06-14 14:45:03.456000,16.258,2025,6,14,14,45,3.45600000000745,18
S1_S,108,2025-06-14 14:45:07.400000,20.202,2025,6,14,14,45,7.40000000002235,18
S2_N,109,2025-06-14 14:46:10.614000,0.0,2025,6,14,14,46,10.6139999999404,19
S2_N,110,2025-06-14 14:46:14.456000,3.842,2025,6,14,14,46,14.4560000000075,19
S2_N,111,2025-06-14 14:46:18.435000,7.821,2025,6,14,14,46,18.4350000000596,19
S2_N,112,2025-06-14 14:46:22.300000,11.686,2025,6,14,14,46,22.3000000000447,19
S2_N,113,2025-06-14 14:46:26.051000,15.437,2025,6,14,14,46,26.0509999999777,19
S2_N,114,2025-06-14 14:46:29.889000,19.275,2025,6,14,14,46,29.8889999999702,19
S2_S,115,2025-06-14 14:46:49.025000,0.0,2025,6,14,14,46,49.0250000000224,20
S2_S,116,2025-06-14 14:46:52.373000,3.348,2025,6,14,14,46,52.3730000000224,20
S2_S,117,2025-06-14 14:47:00.624000,11.599,2025,6,14,14,47,0.623999999955297,20
S2_S,118,2025-06-14 14:47:04.661000,15.636,2025,6,14,14,47,4.66099999996275,20
S2_S,119,2025-06-14 14:47:08.540000,19.515,2025,6,14,14,47,8.54000000003725,20
S2_S,120,2025-06-14 14:47:12.660000,23.635,2025,6,14,14,47,12.6600000000298,20
S3_N,121,2025-06-14 14:48:24.041000,0.0,2025,6,14,14,48,24.0409999999702,21
S3_N,122,2025-06-14 14:48:27.513000,3.472,2025,6,14,14,48,27.5130000000373,21
S3_N,123,2025-06-14 14:48:31.176000,7.135,2025,6,14,14,48,31.1759999999777,21
S3_N,124,2025-06-14 14:48:38.447000,14.406,2025,6,14,14,48,38.4470000000447,21
S3_N,125,2025-06-14 14:48:46.719000,22.678,2025,6,14,14,48,46.7190000000447,21
S3_N,126,2025-06-14 14:48:54.334000,30.293,2025,6,14,14,48,54.3340000000298,21
S3_S,127,2025-06-14 14:56:02.754000,0.0,2025,6,14,14,56,2.7539999999553,22
S3_S,128,2025-06-14 14:56:10.446000,7.692,2025,6,14,14,56,10.446,22
S3_S,129,2025-06-14 14:56:19.941000,17.187,2025,6,14,14,56,19.9409999999926,22
S3_S,130,2025-06-14 14:56:29.745000,26.991,2025,6,14,14,56,29.7449999999926,22
S3_S,131,2025-06-14 14:56:35.657000,32.903,2025,6,14,14,56,35.6570000000075,22
S3_S,132,2025-06-14 14:56:40.429000,37.675,2025,6,14,14,56,40.429,22
S4_N,133,2025-06-14 14:57:32.288000,0.0,2025,6,14,14,57,32.2879999999404,23
S4_N,134,2025-06-14 14:57:41.114000,8.826,2025,6,14,14,57,41.1139999999404,23
S4_N,135,2025-06-14 14:57:46.386000,14.098,2025,6,14,14,57,46.3860000000596,23
S4_N,136,2025-06-14 14:57:56.794000,24.506,2025,6,14,14,57,56.7939999999926,23
S4_N,137,2025-06-14 14:58:02.817000,30.529,2025,6,14,14,58,2.81700000003725,23
S4_N,138,2025-06-14 14:58:07.597000,35.309,2025,6,14,14,58,7.59699999994785,23
S4_S,139,2025-06-14 14:58:36.778000,0.0,2025,6,14,14,58,36.7780000000522,24
S4_S,140,2025-06-14 14:58:49.683000,12.905,2025,6,14,14,58,49.6829999999627,24
S4_S,141,2025-06-14 14:58:53.265000,16.487,2025,6,14,14,58,53.2650000000149,24
S4_S,142,2025-06-14 14:58:57.626000,20.848,2025,6,14,14,58,57.6260000000447,24
S4_S,143,2025-06-14 14:59:01.801000,25.023,2025,6,14,14,59,1.80099999997765,24
S4_S,144,2025-06-14 14:59:06.312000,29.534,2025,6,14,14,59,6.31200000003725,24
S5_N,145,2025-06-14 15:00:29.264000,0.0,2025,6,14,15,0,29.2639999999702,25
S5_N,146,2025-06-14 15:00:41.179000,11.915,2025,6,14,15,0,41.179,25
S5_N,147,2025-06-14 15:00:46.074000,16.81,2025,6,14,15,0,46.0740000000224,25
S5_N,148,2025-06-14 15:00:50.778000,21.514,2025,6,14,15,0,50.7780000000522,25
S5_N,149,2025-06-14 15:00:54.710000,25.446,2025,6,14,15,0,54.7099999999628,25
S5_N,150,2025-06-14 15:00:58.732000,29.468,2025,6,14,15,0,58.7319999999627,25
S5_S,151,2025-06-14 15:01:24.520000,0.0,2025,6,14,15,1,24.5200000000149,26
S5_S,152,2025-06-14 15:01:28.246000,3.726,2025,6,14,15,1,28.2460000000447,26
S5_S,153,2025-06-14 15:01:32.203000,7.683,2025,6,14,15,1,32.2029999999777,26
S5_S,154,2025-06-14 15:01:36.700000,12.18,2025,6,14,15,1,36.6999999999553,26
S5_S,155,2025-06-14 15:01:40.702000,16.182,2025,6,14,15,1,40.7020000000447,26
S5_S,156,2025-06-14 15:01:44.450000,19.93,2025,6,14,15,1,44.4499999999553,26
S6_N,157,2025-06-14 15:02:52.530000,0.0,2025,6,14,15,2,52.5300000000298,27
S6_N,158,2025-06-14 15:02:57.329000,4.799,2025,6,14,15,2,57.3290000000298,27
S6_N,159,2025-06-14 15:03:01.323000,8.793,2025,6,14,15,3,1.32299999997765,27
S6_N,160,2025-06-14 15:03:09.147000,16.617,2025,6,14,15,3,9.147,27
S6_N,161,2025-06-14 15:03:13.802000,21.272,2025,6,14,15,3,13.8020000000224,27
S6_N,162,2025-06-14 15:03:17.733000,25.203,2025,6,14,15,3,17.7330000000075,27
S6_S,163,2025-06-14 15:03:40.637000,0.0,2025,6,14,15,3,40.6369999999851,28
S6_S,164,2025-06-14 15:03:44.569000,3.932,2025,6,14,15,3,44.5690000000149,28
S6_S,165,2025-06-14 15:03:48.396000,7.759,2025,6,14,15,3,48.3959999999479,28
S6_S,166,2025-06-14 15:03:52.326000,11.689,2025,6,14,15,3,52.326,28
S6_S,167,2025-06-14 15:03:56.432000,15.795,2025,6,14,15,3,56.4320000000298,28
S6_S,168,2025-06-14 15:04:00.252000,19.615,2025,6,14,15,4,0.251999999977648,28
S7_N,169,2025-06-14 15:04:43.332000,0.0,2025,6,14,15,4,43.3320000000522,29
S7_N,170,2025-06-14 15:04:47.155000,3.823,2025,6,14,15,4,47.1550000000298,29
S7_N,171,2025-06-14 15:04:51.097000,7.765,2025,6,14,15,4,51.0969999999479,29
S7_N,172,2025-06-14 15:04:55.047000,11.715,2025,6,14,15,4,55.0470000000224,29
S7_N,173,2025-06-14 15:04:59.014000,15.682,2025,6,14,15,4,59.0139999999702,29
S7_N,174,2025-06-14 15:05:03.092000,19.76,2025,6,14,15,5,3.09199999994785,29
S7_S,175,2025-06-14 15:05:22.513000,0.0,2025,6,14,15,5,22.5130000000373,30
S7_S,176,2025-06-14 15:05:26.734000,4.221,2025,6,14,15,5,26.7340000000522,30
S7_S,177,2025-06-14 15:05:30.417000,7.904,2025,6,14,15,5,30.4170000000149,30
S7_S,178,2025-06-14 15:05:34.321000,11.808,2025,6,14,15,5,34.321,30
S7_S,179,2025-06-14 15:05:38.290000,15.777,2025,6,14,15,5,38.2900000000373,30
S7_S,180,2025-06-14 15:05:43.586000,21.073,2025,6,14,15,5,43.5860000000075,30
S8_N,183,2025-06-14 15:07:06.567000,0.0,2025,6,14,15,7,6.56700000003725,31
S8_N,184,2025-06-14 15:07:11.033000,4.466,2025,6,14,15,7,11.0330000000522,31
S8_N,185,2025-06-14 15:07:15.370000,8.803,2025,6,14,15,7,15.3699999999926,31
S8_N,186,2025-06-14 15:07:19.412000,12.845,2025,6,14,15,7,19.4120000000149,31
S8_N,187,2025-06-14 15:07:23.007000,16.44,2025,6,14,15,7,23.0069999999851,32
S8_N,188,2025-06-14 15:07:26.963000,20.396,2025,6,14,15,7,26.9629999999851,32
S8_S,189,2025-06-14 15:07:46.200000,0.0,2025,6,14,15,7,46.1999999999553,32
S8_S,190,2025-06-14 15:07:53.560000,7.36,2025,6,14,15,7,53.5600000000596,32
S8_S,191,2025-06-14 15:07:57.400000,11.2,2025,6,14,15,7,57.4000000000224,32
S8_S,192,2025-06-14 15:08:01.180000,14.98,2025,6,14,15,8,1.18000000005215,32
S8_S,193,2025-06-14 15:08:09.299000,23.099,2025,6,14,15,8,9.299,33
S8_S,194,2025-06-14 15:08:14.016000,27.816,2025,6,14,15,8,14.0159999999478,33
S9_N,195,2025-06-14 15:09:09.444000,0.0,2025,6,14,15,9,9.4440000000149,33
S9_N,196,2025-06-14 15:09:14.325000,4.881,2025,6,14,15,9,14.3249999999553,33
S9_N,197,2025-06-14 15:09:18.413000,8.969,2025,6,14,15,9,18.4129999999404,33
S9_N,198,2025-06-14 15:09:22.421000,12.977,2025,6,14,15,9,22.4209999999702,33
S9_N,199,2025-06-14 15:09:26.389000,16.945,2025,6,14,15,9,26.3889999999702,34
S9_N,200,2025-06-14 15:09:30.090000,20.646,2025,6,14,15,9,30.0899999999702,34
S9_S,201,2025-06-14 15:09:48.728000,0.0,2025,6,14,15,9,48.728,34
S9_S,202,2025-06-14 15:09:52.773000,4.045,2025,6,14,15,9,52.7730000000447,34
S9_S,203,2025-06-14 15:09:56.325000,7.597,2025,6,14,15,9,56.3249999999553,34
S9_S,204,2025-06-14 15:10:04.256000,15.528,2025,6,14,15,10,4.25600000005215,34
S9_S,205,2025-06-14 15:10:08.601000,19.873,2025,6,14,15,10,8.60100000002235,35
S10_N,206,2025-06-14 15:18:38.552000,0.0,2025,6,14,15,18,38.5520000000224,35
S10_N,207,2025-06-14 15:18:45.671000,7.119,2025,6,14,15,18,45.6709999999702,35
S10_N,208,2025-06-14 15:18:49.151000,10.599,2025,6,14,15,18,49.1509999999553,35
S10_N,209,2025-06-14 15:18:56.517000,17.965,2025,6,14,15,18,56.5169999999926,35
S10_N,210,2025-06-14 15:19:01.030000,22.478,2025,6,14,15,19,1.0300000000298,35
S10_S,211,2025-06-14 15:19:26.963000,0.0,2025,6,14,15,19,26.9629999999851,36
S10_S,212,2025-06-14 15:19:30.491000,3.528,2025,6,14,15,19,30.4910000000373,36
S10_S,213,2025-06-14 15:19:37.218000,10.255,2025,6,14,15,19,37.2179999999926,36
S10_S,214,2025-06-14 15:19:41.096000,14.133,2025,6,14,15,19,41.0960000000224,36
S10_S,215,2025-06-14 15:19:48.254000,21.291,2025,6,14,15,19,48.2539999999553,36
S10_S,216,2025-06-14 15:20:02.085000,35.122,2025,6,14,15,20,2.08499999996275,36
S11_N,217,2025-06-14 15:20:46.564000,0.0,2025,6,14,15,20,46.5640000000149,37
S11_N,218,2025-06-14 15:20:50.755000,4.191,2025,6,14,15,20,50.7550000000075,37
S11_N,219,2025-06-14 15:20:54.004000,7.44,2025,6,14,15,20,54.0039999999553,37
S11_N,220,2025-06-14 15:20:57.874000,11.31,2025,6,14,15,20,57.8739999999553,37
S11_N,221,2025-06-14 15:21:05.985000,19.421,2025,6,14,15,21,5.9849999999851,37
S11_N,222,2025-06-14 15:21:09.356000,22.792,2025,6,14,15,21,9.3560000000298,37
S11_S,223,2025-06-14 15:21:29.797000,0.0,2025,6,14,15,21,29.7970000000224,38
S11_S,224,2025-06-14 15:21:35.818000,6.021,2025,6,14,15,21,35.8179999999702,38
S11_S,225,2025-06-14 15:21:39.666000,9.869,2025,6,14,15,21,39.6659999999702,38
S11_S,226,2025-06-14 15:21:43.262000,13.465,2025,6,14,15,21,43.2619999999851,38
S11_S,227,2025-06-14 15:21:47.262000,17.465,2025,6,14,15,21,47.2619999999851,38
S11_S,228,2025-06-14 15:21:51.088000,21.291,2025,6,14,15,21,51.0879999999851,38
S12_N,229,2025-06-14 15:22:32.680000,0.0,2025,6,14,15,22,32.6800000000522,39
S12_N,230,2025-06-14 15:22:36.402000,3.722,2025,6,14,15,22,36.402,39
S12_N,231,2025-06-14 15:22:40.111000,7.431,2025,6,14,15,22,40.1110000000298,39
S12_N,232,2025-06-14 15:22:47.075000,14.395,2025,6,14,15,22,47.0749999999553,39
S12_N,233,2025-06-14 15:22:50.727000,18.047,2025,6,14,15,22,50.7269999999553,39
S12_N,234,2025-06-14 15:22:54.109000,21.429,2025,6,14,15,22,54.1090000000522,39
S12_S,235,2025-06-14 15:23:08.591000,0.0,2025,6,14,15,23,8.5910000000149,40
S12_S,236,2025-06-14 15:23:16.136000,7.545,2025,6,14,15,23,16.1360000000596,40
S12_S,237,2025-06-14 15:23:23.943000,15.352,2025,6,14,15,23,23.9429999999702,40
S12_S,238,2025-06-14 15:23:27.200000,18.609,2025,6,14,15,23,27.1999999999553,40
S12_S,239,2025-06-14 15:23:31.829000,23.238,2025,6,14,15,23,31.8290000000298,40
S12_S,240,2025-06-14 15:23:35.005000,26.414,2025,6,14,15,23,35.0050000000075,40
S13_N,241,2025-06-14 15:25:14.338000,0.0,2025,6,14,15,25,14.3379999999851,41
S13_N,242,2025-06-14 15:25:19.154000,4.816,2025,6,14,15,25,19.1539999999777,41
S13_N,243,2025-06-14 15:25:23.961000,9.623,2025,6,14,15,25,23.9610000000075,41
S13_N,244,2025-06-14 15:25:27.507000,13.169,2025,6,14,15,25,27.5069999999851,41
S13_N,245,2025-06-14 15:25:37.329000,22.991,2025,6,14,15,25,37.3290000000298,41
S13_N,246,2025-06-14 15:25:49.618000,35.28,2025,6,14,15,25,49.6180000000149,41
S13_S,247,2025-06-14 15:26:33.357000,0.0,2025,6,14,15,26,33.3569999999627,42
S13_S,248,2025-06-14 15:26:37.090000,3.733,2025,6,14,15,26,37.0899999999702,42
S13_S,249,2025-06-14 15:26:41.230000,7.873,2025,6,14,15,26,41.2299999999851,42
S13_S,250,2025-06-14 15:26:48.608000,15.251,2025,6,14,15,26,48.6080000000075,42
S13_S,251,2025-06-14 15:26:52.910000,19.553,2025,6,14,15,26,52.9100000000298,42
S13_S,252,2025-06-14 15:26:56.992000,23.635,2025,6,14,15,26,56.9919999999702,42
S14_N,253,2025-06-14 15:28:08.026000,0.0,2025,6,14,15,28,8.0259999999553,43
S14_N,254,2025-06-14 15:28:15.236000,7.21,2025,6,14,15,28,15.2360000000298,43
S14_N,255,2025-06-14 15:28:22.929000,14.903,2025,6,14,15,28,22.929,43
S14_N,256,2025-06-14 15:28:27.341000,19.315,2025,6,14,15,28,27.3410000000149,43
S14_N,257,2025-06-14 15:28:31.649000,23.623,2025,6,14,15,28,31.6489999999776,43
S14_N,258,2025-06-14 15:28:36.001000,27.975,2025,6,14,15,28,36.0010000000447,43
S14_S,259,2025-06-14 15:28:53.484000,0.0,2025,6,14,15,28,53.4840000000522,44
S14_S,260,2025-06-14 15:28:57.751000,4.267,2025,6,14,15,28,57.7510000000447,44
S14_S,261,2025-06-14 15:29:01.835000,8.351,2025,6,14,15,29,1.83499999996275,44
S14_S,262,2025-06-14 15:29:05.697000,12.213,2025,6,14,15,29,5.6970000000447,44
S14_S,263,2025-06-14 15:29:09.728000,16.244,2025,6,14,15,29,9.728,44
S14_S,264,2025-06-14 15:29:13.653000,20.169,2025,6,14,15,29,13.6530000000522,44
S15_N,265,2025-06-14 15:30:56.075000,0.0,2025,6,14,15,30,56.0749999999553,45
S15_N,266,2025-06-14 15:31:00.237000,4.162,2025,6,14,15,31,0.236999999962747,45
S15_N,267,2025-06-14 15:31:04.063000,7.988,2025,6,14,15,31,4.06299999996275,45
S15_N,268,2025-06-14 15:31:08.597000,12.522,2025,6,14,15,31,8.59699999994785,45
S15_N,269,2025-06-14 15:31:13.091000,17.016,2025,6,14,15,31,13.0910000000149,45
S15_N,270,2025-06-14 15:31:17.312000,21.237,2025,6,14,15,31,17.3120000000373,45
S15_S,271,2025-06-14 15:31:37.140000,0.0,2025,6,14,15,31,37.1400000000149,46
S15_S,272,2025-06-14 15:31:41.579000,4.439,2025,6,14,15,31,41.5790000000298,46
S15_S,273,2025-06-14 15:31:45.751000,8.611,2025,6,14,15,31,45.7510000000447,46
S15_S,274,2025-06-14 15:31:49.828000,12.688,2025,6,14,15,31,49.8279999999777,46
S15_S,275,2025-06-14 15:31:54.050000,16.91,2025,6,14,15,31,54.0500000000447,46
S15_S,276,2025-06-14 15:31:58.795000,21.655,2025,6,14,15,31,58.7950000000447,46
S16_N,277,2025-06-14 15:32:59.669000,0.0,2025,6,14,15,32,59.6689999999926,47
S16_N,278,2025-06-14 15:33:04.085000,4.416,2025,6,14,15,33,4.08499999996275,47
S16_N,279,2025-06-14 15:33:08.262000,8.593,2025,6,14,15,33,8.2619999999851,47
S16_N,280,2025-06-14 15:33:16.280000,16.611,2025,6,14,15,33,16.2800000000298,47
S16_N,281,2025-06-14 15:33:20.474000,20.805,2025,6,14,15,33,20.4740000000447,47
S16_N,282,2025-06-14 15:33:24.254000,24.585,2025,6,14,15,33,24.2539999999553,47
S16_S,283,2025-06-14 15:33:41.710000,0.0,2025,6,14,15,33,41.7099999999628,48
S16_S,284,2025-06-14 15:33:45.201000,3.491,2025,6,14,15,33,45.201,48
S16_S,285,2025-06-14 15:33:49.161000,7.451,2025,6,14,15,33,49.1609999999628,48
S16_S,286,2025-06-14 15:33:53.249000,11.539,2025,6,14,15,33,53.2489999999553,48
S16_S,287,2025-06-14 15:33:57.000000,15.29,2025,6,14,15,33,57.0,48
S16_S,288,2025-06-14 15:34:00.685000,18.975,2025,6,14,15,34,0.685000000059605,48
