shot_group,shot,time,time_from_group_lead,year,month,day,hour,minute,second,latitude,longitude
S1_S,1,2025-06-18 15:47:43.450,0.0,2025,6,18,15,47,43.45,27.29545,-97.37113
S1_S,2,2025-06-18 15:47:48.710,5.26,2025,6,18,15,47,48.71,27.29545,-97.37113
S1_S,3,2025-06-18 15:47:55.490,12.04,2025,6,18,15,47,55.49,27.29546,-97.37113
S1_S,4,2025-06-18 15:47:59.650,16.2,2025,6,18,15,47,59.65,27.29546,-97.37113
S1_S,5,2025-06-18 15:48:02.470,19.02,2025,6,18,15,48,2.47,27.29546,-97.37113
S1_S,6,2025-06-18 15:48:07.470,24.02,2025,6,18,15,48,7.47,27.29546,-97.37113
S1_N,7,2025-06-18 15:48:40.880,0.0,2025,6,18,15,48,40.88,27.29545,-97.37111
S1_N,8,2025-06-18 15:48:45.350,4.47,2025,6,18,15,48,45.35,27.29545,-97.37111
S1_N,9,2025-06-18 15:48:49.300,8.42,2025,6,18,15,48,49.3,27.29545,-97.37111
S1_N,10,2025-06-18 15:48:53.720,12.84,2025,6,18,15,48,53.72,27.29545,-97.37111
S1_N,11,2025-06-18 15:48:57.670,16.79,2025,6,18,15,48,57.67,27.29545,-97.3711
S1_N,12,2025-06-18 15:49:02.210,21.33,2025,6,18,15,49,2.21,27.29545,-97.3711
S2_S,13,2025-06-18 15:50:07.710,0.0,2025,6,18,15,50,7.71,27.29545,-97.37109
S2_S,14,2025-06-18 15:50:12.880,5.17,2025,6,18,15,50,12.88,27.29545,-97.37109
S2_S,15,2025-06-18 15:50:17.290,9.58,2025,6,18,15,50,17.29,27.29545,-97.37109
S2_S,16,2025-06-18 15:50:21.820,14.11,2025,6,18,15,50,21.82,27.29545,-97.37109
S2_S,17,2025-06-18 15:50:25.480,17.77,2025,6,18,15,50,25.48,27.29545,-97.37109
S2_S,18,2025-06-18 15:50:29.630,21.92,2025,6,18,15,50,29.63,27.29545,-97.37109
S2_N,19,2025-06-18 15:51:06.080,0.0,2025,6,18,15,51,6.08,27.29545,-97.37107
S2_N,20,2025-06-18 15:51:10.380,4.3,2025,6,18,15,51,10.38,27.29545,-97.37107
S2_N,21,2025-06-18 15:51:13.730,7.65,2025,6,18,15,51,13.73,27.29545,-97.37107
S2_N,22,2025-06-18 15:51:17.610,11.53,2025,6,18,15,51,17.61,27.29545,-97.37107
S2_N,23,2025-06-18 15:51:25.660,19.58,2025,6,18,15,51,25.66,27.29546,-97.37107
S2_N,24,2025-06-18 15:51:29.230,23.15,2025,6,18,15,51,29.23,27.29546,-97.37107
S3_S,25,2025-06-18 15:53:52.030,0.0,2025,6,18,15,53,52.03,27.29546,-97.37104
S3_S,26,2025-06-18 15:53:59.370,7.34,2025,6,18,15,53,59.37,27.29546,-97.37105
S3_S,27,2025-06-18 15:54:02.730,10.7,2025,6,18,15,54,2.73,27.29546,-97.37105
S3_S,28,2025-06-18 15:54:06.830,14.8,2025,6,18,15,54,6.83,27.29546,-97.37105
S3_S,29,2025-06-18 15:54:10.790,18.76,2025,6,18,15,54,10.79,27.29546,-97.37105
S3_S,30,2025-06-18 15:54:19.260,27.23,2025,6,18,15,54,19.26,27.29545,-97.37106
S3_N,31,2025-06-18 15:54:55.850,0.0,2025,6,18,15,54,55.85,27.29545,-97.37105
S3_N,32,2025-06-18 15:55:00.100,4.25,2025,6,18,15,55,0.1,27.29545,-97.37105
S3_N,33,2025-06-18 15:55:05.260,9.41,2025,6,18,15,55,5.26,27.29545,-97.37105
S3_N,34,2025-06-18 15:55:10.470,14.62,2025,6,18,15,55,10.47,27.29545,-97.37105
S3_N,35,2025-06-18 15:55:14.330,18.48,2025,6,18,15,55,14.33,27.29545,-97.37105
S3_N,36,2025-06-18 15:55:19.890,24.04,2025,6,18,15,55,19.89,27.29545,-97.37104
S4_S,37,2025-06-18 15:56:50.830,0.0,2025,6,18,15,56,50.83,27.29546,-97.37104
S4_S,38,2025-06-18 15:56:54.860,4.03,2025,6,18,15,56,54.86,27.29546,-97.37104
S4_S,39,2025-06-18 15:56:59.470,8.64,2025,6,18,15,56,59.47,27.29546,-97.37104
S4_S,40,2025-06-18 15:57:03.280,12.45,2025,6,18,15,57,3.28,27.29546,-97.37104
S4_S,41,2025-06-18 15:57:06.950,16.12,2025,6,18,15,57,6.95,27.29546,-97.37104
S4_S,42,2025-06-18 15:57:10.260,19.43,2025,6,18,15,57,10.26,27.29546,-97.37104
S4_N,43,2025-06-18 15:57:43.960,0.0,2025,6,18,15,57,43.96,27.29546,-97.37103
S4_N,44,2025-06-18 15:57:48.610,4.65,2025,6,18,15,57,48.61,27.29546,-97.37103
S4_N,45,2025-06-18 15:57:51.880,7.92,2025,6,18,15,57,51.88,27.29546,-97.37102
S4_N,46,2025-06-18 15:57:55.530,11.57,2025,6,18,15,57,55.53,27.29546,-97.37102
S4_N,47,2025-06-18 15:58:00.560,16.6,2025,6,18,15,58,0.56,27.29546,-97.37102
S4_N,48,2025-06-18 15:58:04.440,20.48,2025,6,18,15,58,4.44,27.29546,-97.37102
S5_S,49,2025-06-18 15:59:56.000,0.0,2025,6,18,15,59,56.0,27.29547,-97.37099
S5_S,50,2025-06-18 15:59:59.550,3.55,2025,6,18,15,59,59.55,27.29547,-97.37099
S5_S,51,2025-06-18 16:00:03.590,7.59,2025,6,18,16,0,3.59,27.29547,-97.37099
S5_S,52,2025-06-18 16:00:07.250,11.25,2025,6,18,16,0,7.25,27.29547,-97.37099
S5_S,53,2025-06-18 16:00:12.070,16.07,2025,6,18,16,0,12.07,27.29547,-97.37099
S5_S,54,2025-06-18 16:00:15.780,19.78,2025,6,18,16,0,15.78,27.29547,-97.37099
S5_N,55,2025-06-18 16:00:42.930,0.0,2025,6,18,16,0,42.93,27.29547,-97.37099
S5_N,56,2025-06-18 16:00:47.570,4.64,2025,6,18,16,0,47.57,27.29547,-97.37099
S5_N,57,2025-06-18 16:00:50.630,7.7,2025,6,18,16,0,50.63,27.29547,-97.37099
S5_N,58,2025-06-18 16:00:54.820,11.89,2025,6,18,16,0,54.82,27.29547,-97.37098
S5_N,59,2025-06-18 16:00:58.330,15.4,2025,6,18,16,0,58.33,27.29547,-97.37098
S5_N,60,2025-06-18 16:01:02.070,19.14,2025,6,18,16,1,2.07,27.29547,-97.37098
S6_S,61,2025-06-18 16:02:04.090,0.0,2025,6,18,16,2,4.09,27.29546,-97.37097
S6_S,62,2025-06-18 16:02:07.890,3.8,2025,6,18,16,2,7.89,27.29546,-97.37097
S6_S,63,2025-06-18 16:02:12.130,8.04,2025,6,18,16,2,12.13,27.29546,-97.37097
S6_S,64,2025-06-18 16:02:19.550,15.46,2025,6,18,16,2,19.55,27.29547,-97.37097
S6_S,65,2025-06-18 16:02:23.360,19.27,2025,6,18,16,2,23.36,27.29547,-97.37097
S6_S,66,2025-06-18 16:02:28.100,24.01,2025,6,18,16,2,28.1,27.29547,-97.37097
S6_N,67,2025-06-18 16:03:11.000,0.0,2025,6,18,16,3,11.0,27.29547,-97.37095
S6_N,68,2025-06-18 16:03:14.420,3.42,2025,6,18,16,3,14.42,27.29547,-97.37095
S6_N,69,2025-06-18 16:03:18.630,7.63,2025,6,18,16,3,18.63,27.29547,-97.37095
S6_N,70,2025-06-18 16:03:23.050,12.05,2025,6,18,16,3,23.05,27.29547,-97.37095
S6_N,71,2025-06-18 16:03:26.510,15.51,2025,6,18,16,3,26.51,27.29547,-97.37095
S6_N,72,2025-06-18 16:03:34.920,23.92,2025,6,18,16,3,34.92,27.29547,-97.37095
S7_S,73,2025-06-18 16:04:32.450,0.0,2025,6,18,16,4,32.45,27.29548,-97.37094
S7_S,74,2025-06-18 16:04:37.470,5.02,2025,6,18,16,4,37.47,27.29548,-97.37094
S7_S,75,2025-06-18 16:04:40.730,8.28,2025,6,18,16,4,40.73,27.29548,-97.37094
S7_S,76,2025-06-18 16:04:44.590,12.14,2025,6,18,16,4,44.59,27.29548,-97.37094
S7_S,77,2025-06-18 16:04:53.010,20.56,2025,6,18,16,4,53.01,27.29549,-97.37094
S7_S,78,2025-06-18 16:04:56.970,24.52,2025,6,18,16,4,56.97,27.29549,-97.37094
S7_N,79,2025-06-18 16:05:19.820,0.0,2025,6,18,16,5,19.82,27.29549,-97.37093
S7_N,80,2025-06-18 16:05:24.360,4.54,2025,6,18,16,5,24.36,27.29549,-97.37093
S7_N,81,2025-06-18 16:05:28.180,8.36,2025,6,18,16,5,28.18,27.29549,-97.37093
S7_N,82,2025-06-18 16:05:35.220,15.4,2025,6,18,16,5,35.22,27.29549,-97.37093
S7_N,83,2025-06-18 16:05:40.190,20.37,2025,6,18,16,5,40.19,27.29549,-97.37093
S7_N,84,2025-06-18 16:05:44.590,24.77,2025,6,18,16,5,44.59,27.29549,-97.37093
S8_S,85,2025-06-18 16:06:36.140,0.0,2025,6,18,16,6,36.14,27.29549,-97.37092
S8_S,86,2025-06-18 16:06:40.680,4.54,2025,6,18,16,6,40.68,27.29549,-97.37092
S8_S,87,2025-06-18 16:06:44.420,8.28,2025,6,18,16,6,44.42,27.29549,-97.37092
S8_S,88,2025-06-18 16:06:47.830,11.69,2025,6,18,16,6,47.83,27.29549,-97.37092
S8_S,89,2025-06-18 16:06:51.160,15.02,2025,6,18,16,6,51.16,27.29549,-97.37092
S8_S,90,2025-06-18 16:06:55.950,19.81,2025,6,18,16,6,55.95,27.29549,-97.37091
S8_N,91,2025-06-18 16:07:19.270,0.0,2025,6,18,16,7,19.27,27.29549,-97.3709
S8_N,92,2025-06-18 16:07:22.220,2.95,2025,6,18,16,7,22.22,27.29549,-97.3709
S8_N,93,2025-06-18 16:07:26.570,7.3,2025,6,18,16,7,26.57,27.29549,-97.3709
S8_N,94,2025-06-18 16:07:30.590,11.32,2025,6,18,16,7,30.59,27.29549,-97.3709
S8_N,95,2025-06-18 16:07:34.980,15.71,2025,6,18,16,7,34.98,27.29549,-97.3709
S8_N,96,2025-06-18 16:07:39.400,20.13,2025,6,18,16,7,39.4,27.29549,-97.3709
S9_S,97,2025-06-18 16:08:50.940,0.0,2025,6,18,16,8,50.94,27.29549,-97.37088
S9_S,98,2025-06-18 16:08:54.880,3.94,2025,6,18,16,8,54.88,27.29549,-97.37088
S9_S,99,2025-06-18 16:09:01.650,10.71,2025,6,18,16,9,1.65,27.2955,-97.37088
S9_S,100,2025-06-18 16:09:05.060,14.12,2025,6,18,16,9,5.06,27.2955,-97.37088
S9_S,101,2025-06-18 16:09:08.970,18.03,2025,6,18,16,9,8.97,27.2955,-97.37088
S9_S,102,2025-06-18 16:09:12.690,21.75,2025,6,18,16,9,12.69,27.2955,-97.37088
S9_N,103,2025-06-18 16:09:34.050,0.0,2025,6,18,16,9,34.05,27.2955,-97.37087
S9_N,104,2025-06-18 16:09:37.460,3.41,2025,6,18,16,9,37.46,27.2955,-97.37087
S9_N,105,2025-06-18 16:09:42.200,8.15,2025,6,18,16,9,42.2,27.2955,-97.37087
S9_N,106,2025-06-18 16:09:46.080,12.03,2025,6,18,16,9,46.08,27.2955,-97.37087
S9_N,107,2025-06-18 16:09:49.580,15.53,2025,6,18,16,9,49.58,27.2955,-97.37087
S9_N,108,2025-06-18 16:09:53.290,19.24,2025,6,18,16,9,53.29,27.2955,-97.37087
S10_S,109,2025-06-18 16:10:33.250,0.0,2025,6,18,16,10,33.25,27.2955,-97.37085
S10_S,110,2025-06-18 16:10:36.780,3.53,2025,6,18,16,10,36.78,27.2955,-97.37085
S10_S,111,2025-06-18 16:10:40.140,6.89,2025,6,18,16,10,40.14,27.2955,-97.37085
S10_S,112,2025-06-18 16:10:45.040,11.79,2025,6,18,16,10,45.04,27.2955,-97.37085
S10_S,113,2025-06-18 16:10:52.210,18.96,2025,6,18,16,10,52.21,27.2955,-97.37085
S10_S,114,2025-06-18 16:10:56.230,22.98,2025,6,18,16,10,56.23,27.29549,-97.37085
S10_N,115,2025-06-18 16:11:15.020,0.0,2025,6,18,16,11,15.02,27.2955,-97.37085
S10_N,116,2025-06-18 16:11:19.020,4.0,2025,6,18,16,11,19.02,27.2955,-97.37085
S10_N,117,2025-06-18 16:11:26.780,11.76,2025,6,18,16,11,26.78,27.2955,-97.37084
S10_N,118,2025-06-18 16:11:30.810,15.79,2025,6,18,16,11,30.81,27.2955,-97.37084
S10_N,119,2025-06-18 16:11:35.640,20.62,2025,6,18,16,11,35.64,27.2955,-97.37084
S10_N,120,2025-06-18 16:11:38.970,23.95,2025,6,18,16,11,38.97,27.2955,-97.37084
S11_S,121,2025-06-18 16:12:17.130,0.0,2025,6,18,16,12,17.13,27.2955,-97.37083
S11_S,122,2025-06-18 16:12:21.740,4.61,2025,6,18,16,12,21.74,27.2955,-97.37083
S11_S,123,2025-06-18 16:12:25.040,7.91,2025,6,18,16,12,25.04,27.2955,-97.37083
S11_S,124,2025-06-18 16:12:29.460,12.33,2025,6,18,16,12,29.46,27.2955,-97.37083
S11_S,125,2025-06-18 16:12:32.640,15.51,2025,6,18,16,12,32.64,27.2955,-97.37082
S11_S,126,2025-06-18 16:12:37.180,20.05,2025,6,18,16,12,37.18,27.2955,-97.37083
S11_N,127,2025-06-18 16:12:57.930,0.0,2025,6,18,16,12,57.93,27.29551,-97.37082
S11_N,128,2025-06-18 16:13:02.140,4.21,2025,6,18,16,13,2.14,27.29551,-97.37082
S11_N,129,2025-06-18 16:13:05.220,7.29,2025,6,18,16,13,5.22,27.29551,-97.37082
S11_N,130,2025-06-18 16:13:09.720,11.79,2025,6,18,16,13,9.72,27.29551,-97.37082
S11_N,131,2025-06-18 16:13:17.690,19.76,2025,6,18,16,13,17.69,27.29551,-97.37081
S11_N,132,2025-06-18 16:13:22.470,24.54,2025,6,18,16,13,22.47,27.29551,-97.37081
S12_S,133,2025-06-18 16:14:25.310,0.0,2025,6,18,16,14,25.31,27.29553,-97.37079
S12_S,134,2025-06-18 16:14:28.880,3.57,2025,6,18,16,14,28.88,27.29553,-97.37078
S12_S,135,2025-06-18 16:14:32.660,7.35,2025,6,18,16,14,32.66,27.29553,-97.37078
S12_S,136,2025-06-18 16:14:37.190,11.88,2025,6,18,16,14,37.19,27.29553,-97.37078
S12_S,137,2025-06-18 16:14:44.730,19.42,2025,6,18,16,14,44.73,27.29553,-97.37078
S12_S,138,2025-06-18 16:14:51.040,25.73,2025,6,18,16,14,51.04,27.29553,-97.37078
S12_N,139,2025-06-18 16:15:12.910,0.0,2025,6,18,16,15,12.91,27.29553,-97.37078
S12_N,140,2025-06-18 16:15:16.600,3.69,2025,6,18,16,15,16.6,27.29553,-97.37078
S12_N,141,2025-06-18 16:15:24.810,11.9,2025,6,18,16,15,24.81,27.29552,-97.37078
S12_N,142,2025-06-18 16:15:28.280,15.37,2025,6,18,16,15,28.28,27.29552,-97.37078
S12_N,143,2025-06-18 16:15:33.490,20.58,2025,6,18,16,15,33.49,27.29552,-97.37078
S12_N,144,2025-06-18 16:15:37.150,24.24,2025,6,18,16,15,37.15,27.29552,-97.37078
S13_S,145,2025-06-18 16:16:19.690,0.0,2025,6,18,16,16,19.69,27.29552,-97.37077
S13_S,146,2025-06-18 16:16:23.470,3.78,2025,6,18,16,16,23.47,27.29552,-97.37076
S13_S,147,2025-06-18 16:16:27.850,8.16,2025,6,18,16,16,27.85,27.29552,-97.37076
S13_S,148,2025-06-18 16:16:31.630,11.94,2025,6,18,16,16,31.63,27.29552,-97.37076
S13_S,149,2025-06-18 16:16:34.910,15.22,2025,6,18,16,16,34.91,27.29552,-97.37076
S13_S,150,2025-06-18 16:16:39.840,20.15,2025,6,18,16,16,39.84,27.29552,-97.37076
S13_N,151,2025-06-18 16:16:58.640,0.0,2025,6,18,16,16,58.64,27.29552,-97.37076
S13_N,152,2025-06-18 16:17:02.470,3.83,2025,6,18,16,17,2.47,27.29552,-97.37076
S13_N,153,2025-06-18 16:17:10.330,11.69,2025,6,18,16,17,10.33,27.29552,-97.37076
S13_N,154,2025-06-18 16:17:13.920,15.28,2025,6,18,16,17,13.92,27.29552,-97.37076
S13_N,155,2025-06-18 16:17:18.300,19.66,2025,6,18,16,17,18.3,27.29552,-97.37076
S13_N,156,2025-06-18 16:17:22.720,24.08,2025,6,18,16,17,22.72,27.29552,-97.37076
S14_S,157,2025-06-18 16:18:08.920,0.0,2025,6,18,16,18,8.92,27.29552,-97.37074
S14_S,158,2025-06-18 16:18:12.390,3.47,2025,6,18,16,18,12.39,27.29552,-97.37073
S14_S,159,2025-06-18 16:18:16.590,7.67,2025,6,18,16,18,16.59,27.29552,-97.37073
S14_S,160,2025-06-18 16:18:19.920,11.0,2025,6,18,16,18,19.92,27.29552,-97.37073
S14_S,161,2025-06-18 16:18:23.380,14.46,2025,6,18,16,18,23.38,27.29552,-97.37073
S14_S,162,2025-06-18 16:18:27.730,18.81,2025,6,18,16,18,27.73,27.29552,-97.37073
S14_N,163,2025-06-18 16:18:51.140,0.0,2025,6,18,16,18,51.14,27.29552,-97.37073
S14_N,164,2025-06-18 16:18:54.570,3.43,2025,6,18,16,18,54.57,27.29552,-97.37073
S14_N,165,2025-06-18 16:19:02.480,11.34,2025,6,18,16,19,2.48,27.29552,-97.37073
S14_N,166,2025-06-18 16:19:06.130,14.99,2025,6,18,16,19,6.13,27.29552,-97.37073
S14_N,167,2025-06-18 16:19:09.840,18.7,2025,6,18,16,19,9.84,27.29552,-97.37073
S14_N,168,2025-06-18 16:19:13.950,22.81,2025,6,18,16,19,13.95,27.29552,-97.37073
S15_S,169,2025-06-18 16:20:00.700,0.0,2025,6,18,16,20,0.7,27.29553,-97.37071
S15_S,170,2025-06-18 16:20:08.260,7.56,2025,6,18,16,20,8.26,27.29553,97.3707
S15_S,171,2025-06-18 16:20:12.500,11.8,2025,6,18,16,20,12.5,27.29553,-97.37071
S15_S,172,2025-06-18 16:20:16.550,15.85,2025,6,18,16,20,16.55,27.29553,-97.37071
S15_S,173,2025-06-18 16:20:20.200,19.5,2025,6,18,16,20,20.2,27.29553,-97.3707
S15_S,174,2025-06-18 16:20:25.140,24.44,2025,6,18,16,20,25.14,27.29552,-97.3707
S15_N,175,2025-06-18 16:20:49.270,0.0,2025,6,18,16,20,49.27,27.29552,-97.3707
S15_N,176,2025-06-18 16:20:53.210,3.94,2025,6,18,16,20,53.21,27.29552,-97.3707
S15_N,177,2025-06-18 16:20:57.660,8.39,2025,6,18,16,20,57.66,27.29553,-97.3707
S15_N,178,2025-06-18 16:21:00.920,11.65,2025,6,18,16,21,0.92,27.29553,-97.3707
S15_N,179,2025-06-18 16:21:05.450,16.18,2025,6,18,16,21,5.45,27.29553,-97.3707
S15_N,180,2025-06-18 16:21:09.240,19.97,2025,6,18,16,21,9.24,27.29553,-97.3707
S16_S,181,2025-06-18 16:21:59.560,0.0,2025,6,18,16,21,59.56,27.29553,-97.37068
S16_S,182,2025-06-18 16:22:06.450,6.89,2025,6,18,16,22,6.45,27.29553,-97.37067
S16_S,183,2025-06-18 16:22:09.990,10.43,2025,6,18,16,22,9.99,27.29553,-97.37067
S16_S,184,2025-06-18 16:22:13.860,14.3,2025,6,18,16,22,13.86,27.29553,-97.37067
S16_S,185,2025-06-18 16:22:17.650,18.09,2025,6,18,16,22,17.65,27.29553,-97.37066
S16_S,186,2025-06-18 16:22:22.130,22.57,2025,6,18,16,22,22.13,27.29553,-97.37066
S16_N,187,2025-06-18 16:22:46.360,0.0,2025,6,18,16,22,46.36,27.29553,-97.37066
S16_N,188,2025-06-18 16:22:50.410,4.05,2025,6,18,16,22,50.41,27.29553,-97.37066
S16_N,189,2025-06-18 16:22:53.870,7.51,2025,6,18,16,22,53.87,27.29553,-97.37066
S16_N,190,2025-06-18 16:22:58.220,11.86,2025,6,18,16,22,58.22,27.29553,-97.37066
S16_N,191,2025-06-18 16:23:02.470,16.11,2025,6,18,16,23,2.47,27.29553,-97.37066
S16_N,192,2025-06-18 16:23:05.750,19.39,2025,6,18,16,23,5.75,27.29553,-97.37066
